202.70.0.128$/
198.161.85.36$/history/apollo/apollo.html
eris139.mayo.edu$/persons/astronauts/a-to-d/CrippenRL.txt
dynamic-ara3.csuchico.edu$/ksc.html
csclass.utdallas.edu$/shuttle/missions/sts-68/mission-sts-68.html
dialip-24.athenet.net$/history/apollo/apollo-13.html
k12.oit.umass.edu$/history/apollo/apollo-13/apollo-13.html
134.50.205.24$/shuttle/missions/100th.html
net167.metronet.com$/shuttle/missions/sts-71/movies/crew-arrival.mpg
metabelis.rmit.edu.au$/shuttle/technology/sts-newsref/stsover.html
slippc6.cs.nps.navy.mil$/shuttle/
village.islandnet.com$/shuttle/missions/sts-68/images/ksc-upclose.gif
38.10.180.30$/msfc/astro_home.html
linda.teleport.com$/images/
s334767.slip.cc.uq.oz.au$/shuttle/technology/sts-newsref/sts-eps.html
extra.ucc.su.oz.au$/shuttle/technology/sts-newsref/et.html
interchg.ubc.ca$/ksc.html
sutnbgw1.ed.noda.sut.ac.jp$/ksc.html
ix-sf8-22.ix.netcom.com$/history/apollo/apollo-13/apollo-13.html
loose.apana.org.au$/facts/faq10.html
www-c2.proxy.aol.com$/images/
picard.cistron.nl$/
dd14-077.compuserve.com$/shuttle/missions/sts-70/mission-sts-70.html
drjo011a043.embratel.net.br$/ksc.html
129.94.208.17$/history/apollo/apollo-13/apollo-13.html
kentnet.dtcc.edu$/images/
scctn02.sp.ac.sg$/,/images/ksclogo-medium.gif
freenet2.scri.fsu.edu$/,/shuttle/countdown/
server.elysian.net$/images/,/images/crawler-logo.gif
ad10-015.compuserve.com$/shuttle/missions/51-l/mission-51-l.html,/shuttle/missions/51-l/51-l-patch-small.gif
kay-abernathy.tenet.edu$/shuttle/missions/sts-71/movies/movies.html,/shuttle/missions/sts-71/docs/
151.155.219.44$/shuttle/missions/sts-66/sts-66-patch-small.gif,/shuttle/missions/sts-66/mission-sts-66.html
tyo1.gate.nec.co.jp$/,/images/NASA-logosmall.gif
dd12-062.compuserve.com$/shuttle/missions/missions.html,/images/launchmedium.gif
d0ucr6.fnal.gov$/history/apollo/apollo-16/apollo-16.html,/history/apollo/apollo-16/apollo-16-patch-small.gif
www-c8.proxy.aol.com$/shuttle/countdown/,/shuttle/missions/missions.html
slip9-162.beta.delphi.com$/shuttle/missions/sts-64/mission-sts-64.html,/shuttle/resources/orbiters/discovery.html
novalord.nova.co.jp$/facilities/opf.html,/images/opf-logo.gif
165.213.131.21$/procurement/procurement.html,/images/op-logo-small.gif
thunderbox.ho.bom.gov.au$/elv/elvpage.htm,/elv/uplink.htm
pipe1.nyc.pipeline.com$/history/apollo/apollo-13/apollo-13.html,/history/apollo/apollo-13/apollo-13-patch-small.gif"
ppp28.modems.uoknor.edu$/shuttle/missions/sts-65/sts-65-patch-small.gif,/shuttle/missions/sts-65/mission-sts-65.html
ix-aa1-04.ix.netcom.com$/history/mercury/mercury.html,/history/mercury/ma-7/ma-7.html
ppp20.pacificrim.net$/history/apollo/apollo-11/apollo-11-patch-small.gif,/history/apollo/apollo-11/apollo-11.html,/history/apollo/images/footprint-logo.gif
128.135.36.35$/images/launchmedium.gif,/images/NASA-logosmall.gif,/images/KSC-logosmall.gif
194.157.109.130$/history/history.html,/history/apollo/images/apollo-small.gif,/history/rocket-history.txt
www-c4.proxy.aol.com$/shuttle/missions/sts-69/mission-sts-69.html,/persons/nasa-cm/jmd.html,/persons/nasa-cm/jmd.gif
dd01-045.compuserve.com$/shuttle/missions/sts-70/woodpecker.html,/shuttle/missions/sts-70/images/holes-in-et.gif,/shuttle/missions/sts-70/images/woodpecker-on-et.gif
dd12-003.compuserve.com$/procurement/procurement.html,/images/op-logo-small.gif,/procurement/midrange/rfo.htm
general2.asu.edu$/,/facts/facts.html,/facts/faq01.html
ai.asu.edu$/,/facts/facts.html,/facts/faq01.html
ykline6.internorth.com$/images/,/images/landing-small.gif,/images/flight-deck.gif
rickc.seanet.com$/shuttle/countdown/liftoff.html,/images/NASA-logosmall.gif,/shuttle/countdown/./video/livevideo2.gif
sanantonio-1-5.i-link.net$/history/apollo/apollo.html,/history/apollo/images/footprint-small.gif,/history/apollo/images/apollo-logo1.gif
gikai.eng.nhk.or.jp$/elv/DELTA/delta.htm,/elv/elvhead2.gif,/elv/DELTA/dedesc.htm
delorme.richard.i4e000.ic.gc.ca$/shuttle/technology/images/mission_profile_2-small.gif,/shuttle/technology/images/tal_abort_2-small.gif,/shuttle/technology/images/sts_spec_6-small.gif,/shuttle/technology/images/launch_sites_8-small.gif
www-d4.proxy.aol.com$/images/rollout.gif,/shuttle/missions/sts-71/images/images.html,/shuttle/missions/sts-71/images/KSC-95EC-0882.gif,/shuttle/missions/sts-71/images/KSC-95EC-0911.jpg
ad06-061.compuserve.com$/history/apollo/apollo-13/apollo-13.html,/history/apollo/apollo-13/apollo-13-patch-small.gif,/images/ksclogosmall.gif,/history/apollo/images/footprint-logo.gif
fat.coara.or.jp$/history/apollo/apollo.html,/history/apollo/images/footprint-small.gif,/images/KSC-logosmall.gif,/history/apollo/images/apollo-logo1.gif
192.127.139.163$/,/facilities/crawler.html,/images/crawler-logo.gif,/images/rollout.gif
tsip52.ionet.net$/shuttle/missions/missions.html,/images/launchmedium.gif,/images/NASA-logosmall.gif,/images/KSC-logosmall.gif
rdr4.ccinet.ab.ca$/shuttle/countdown/,/shuttle/countdown/count70.gif,/images/NASA-logosmall.gif,/images/KSC-logosmall.gif
venus.jp.convex.com$/facilities/cdsc.html,/images/construct.gif,/images/ksclogosmall.gif,/images/kscmap-tiny.gif
ann06.bcit.bc.ca$/history/mercury/mercury.html,/images/mercury-logo.gif,/images/ksclogosmall.gif,/history/apollo/images/apollo-logo.gif
ppp24.compumedia.com$/software/winvn/faq/WINVNFAQ-Contents.html,/software/winvn/faq/WINVNFAQ-I-1.html,/software/winvn/faq/WINVNFAQ-I-8.html,/software/winvn/faq/WINVNFAQ-I-10.html
158.104.96.2$/history/apollo/apollo.html,/history/apollo/images/footprint-small.gif,/images/KSC-logosmall.gif,/history/apollo/images/apollo-logo1.gif
204.248.155.42$/images/,/icons/menu.xbm,/icons/image.xbm,/icons/blank.xbm
port42.ts2.msstate.edu$/images/shuttle-patch-small.gif,/shuttle/technology/sts-newsref/stsref-toc.html,/images/KSC-logosmall.gif,/images/launch-logo.gif
roseanne06.slip.yorku.ca$/,/images/ksclogo-medium.gif,/images/NASA-logosmall.gif,/images/MOSAIC-logosmall.gif
marimo.kushiro-ct.ac.jp$/shuttle/countdown/countdown.html,/shuttle/countdown/count70.gif,/images/NASA-logosmall.gif,/images/KSC-logosmall.gif,/cgi-bin/imagemap/countdown70?350
van15422.direct.ca$/software/winvn/winvn.html,/software/winvn/winvn.gif,/images/construct.gif,/software/winvn/bluemarb.gif,/software/winvn/wvsmall.gif
ad14-040.compuserve.com$/facilities/vab.html,/images/vab-small.gif,/facilities/mlp.html,/images/mlp-logo.gif,/images/mlp.gif
wailua.keck.hawaii.edu$/history/apollo/apollo.html,/history/apollo/images/footprint-small.gif,/images/KSC-logosmall.gif,/history/apollo/images/apollo-logo1.gif,/history/apollo/images/footprint.gif
koala.melbpc.org.au$/ksc.html,/images/USA-logosmall.gif,/images/MOSAIC-logosmall.gif,/images/NASA-logosmall.gif,/images/WORLD-logosmall.gif
ip-pdx6-54.teleport.com$/history/history.html,/history/apollo/apollo.html,/history/apollo/apollo-13/apollo-13.html,/history/apollo/images/footprint-small.gif,/history/apollo/apollo-13/apollo-13-patch-small.gif
tchm05a10.rmt.utk.edu$/shuttle/missions/sts-67/mission-sts-67.html,/shuttle/missions/sts-67/sts-67-patch-small.gif,/images/KSC-logosmall.gif,/images/launch-logo.gif,/history/apollo/images/apollo-logo1.gif
paranet.iea.com$/images/,/icons/image.xbm,/icons/blank.xbm,/icons/unknown.xbm,/icons/menu.xbm
slip-4-12.ots.utexas.edu$/history/gemini/gemini.html,/images/gemini-logo.gif,/history/apollo/images/apollo-logo.gif,/images/ksclogosmall.gif,/history/gemini/movies/gemini-launch.mpg
ix-esc-ca1-27.ix.netcom.com$/shuttle/missions/sts-68/sts-68-patch-small.gif,/shuttle/missions/sts-68/mission-sts-68.html,/images/KSC-logosmall.gif,/images/launch-logo.gif,/history/apollo/images/apollo-logo1.gif
131.235.117.31$/images/,/icons/blank.xbm,/icons/menu.xbm,/icons/image.xbm,/icons/unknown.xbm
sunset.somcau.siu.edu$/shuttle/missions/sts-66/sts-66-patch-small.gif,/shuttle/missions/sts-66/mission-sts-66.html,/images/KSC-logosmall.gif,/images/launch-logo.gif,/history/apollo/images/apollo-logo1.gif
hun8.ramlink.net$/shuttle/missions/sts-68/mission-sts-68.html,/shuttle/missions/sts-68/sts-68-patch-small.gif,/images/KSC-logosmall.gif,/images/launch-logo.gif,/history/apollo/images/apollo-logo1.gif
ix-den6-22.ix.netcom.com$/,/images/ksclogo-medium.gif,/images/USA-logosmall.gif,/images/NASA-logosmall.gif,/images/MOSAIC-logosmall.gif,/images/WORLD-logosmall.gif
port13.wavenet.com$/,/images/ksclogo-medium.gif,/images/NASA-logosmall.gif,/images/MOSAIC-logosmall.gif,/images/USA-logosmall.gif,/images/WORLD-logosmall.gif
204.251.93.247$/history/apollo/apollo-13/apollo-13-info.html,/history/apollo/apollo-13/apollo-13-patch-small.gif,/history/apollo/apollo-13/movies/,/icons/blank.xbm,/icons/menu.xbm,/icons/movie.xbm
alyssa.prodigy.com$/,/images/ksclogo-medium.gif,/images/NASA-logosmall.gif,/images/MOSAIC-logosmall.gif,/images/USA-logosmall.gif,/images/WORLD-logosmall.gif
128.159.129.170$/,/images/ksclogo-medium.gif,/images/NASA-logosmall.gif,/images/MOSAIC-logosmall.gif,/images/USA-logosmall.gif,/images/WORLD-logosmall.gif
199.2.139.104$/shuttle/missions/missions.html,/images/launchmedium.gif,/shuttle/missions/sts-63/sts-63-patch-small.gif,/shuttle/missions/sts-63/mission-sts-63.html,/htbin/wais.pl?MIR-Rendezvous,/htbin/wais.pl?MIR-Image
reggae.iinet.net.au$/shuttle/technology/sts-newsref/stsover-chron.html,/shuttle/technology/sts-newsref/stsover-missions.html,/shuttle/missions/missions.html,/images/launchmedium.gif,/images/NASA-logosmall.gif,/images/launch.gif
rs31-annex3.sfu.ca$/htbin/cdt_main.pl,/shuttle/countdown/liftoff.html,/htbin/cdt_clock.pl,/shuttle/countdown/countdown.html,/cgi-bin/imagemap/countdown70?176,/shuttle/countdown/countdown70.html
stockyard21.onramp.net$/images/shuttle-patch-small.gif,/shuttle/technology/sts-newsref/stsref-toc.html,/images/KSC-logosmall.gif,/images/launch-logo.gif,/ksc.html,/images/ksclogo-medium.gif
ns2.sharp.co.jp$/,/images/ksclogo-medium.gif,/images/NASA-logosmall.gif,/images/MOSAIC-logosmall.gif,/images/USA-logosmall.gif,/images/WORLD-logosmall.gif
133.43.106.47$/,/images/ksclogo-medium.gif,/images/NASA-logosmall.gif,/images/MOSAIC-logosmall.gif,/images/USA-logosmall.gif,/images/WORLD-logosmall.gif
kgtyk4.kj.yamagata-u.ac.jp$/,/images/ksclogo-medium.gif,/images/NASA-logosmall.gif,/images/MOSAIC-logosmall.gif,/images/USA-logosmall.gif,/images/WORLD-logosmall.gif
ix-sd6-29.ix.netcom.com$/ksc.html,/images/ksclogo-medium.gif,/images/NASA-logosmall.gif,/images/MOSAIC-logosmall.gif,/images/USA-logosmall.gif,/images/WORLD-logosmall.gif
ix-esc-ca2-07.ix.netcom.com$/images/launch-logo.gif,/history/apollo/images/apollo-logo1.gif,/shuttle/resources/orbiters/discovery.html,/shuttle/resources/orbiters/discovery-logo.gif,/images/ksclogosmall.gif,/shuttle/resources/orbiters/orbiters-logo.gif
mail.cmsi-emd.com$/,/images/ksclogo-medium.gif,/images/NASA-logosmall.gif,/images/MOSAIC-logosmall.gif,/images/USA-logosmall.gif,/images/WORLD-logosmall.gif
columbia.acc.brad.ac.uk$/ksc.html",/images/ksclogo-medium.gif",/images/NASA-logosmall.gif",/images/MOSAIC-logosmall.gif",/images/USA-logosmall.gif",/images/WORLD-logosmall.gif"
hayes.worldgate.com$/history/apollo/images/footprint-small.gif,/images/KSC-logosmall.gif,/history/apollo/images/apollo-logo1.gif,/history/apollo/apollo-13/apollo-13.html,/history/apollo/apollo-13/apollo-13-patch-small.gif,/images/ksclogosmall.gif,/history/apollo/images/footprint-logo.gif
dialup515.washington.mci.net$/shuttle/missions/sts-65/sts-65-patch-small.gif,/shuttle/missions/sts-65/mission-sts-65.html,/images/KSC-logosmall.gif,/history/apollo/images/apollo-logo1.gif,/images/launch-logo.gif,/htbin/wais.pl?NIZEMI,/news/sci.space.news/1608
celebrian.otago.ac.nz$/shuttle/missions/sts-69/mission-sts-69.html,/shuttle/missions/sts-73/mission-sts-73.html,/facilities/lc39a.html,/shuttle/missions/sts-76/mission-sts-76.html,/shuttle/missions/sts-76/sts-76-info.html,/shuttle/resources/orbiters/atlantis.html,/shuttle/missions/sts-71/mission-sts-71.html
ix-dgr-il1-15.ix.netcom.com$/shuttle/countdown/lps/fr.html,/shuttle/countdown/lps/fr.gif,/shuttle/countdown/lps/back.gif,/htbin/cdt_main.pl,/shuttle/countdown/images/countclock.gif,/images/NASA-logosmall.gif,/shuttle/countdown/liftoff.html
slppp6.intermind.net$/history/skylab/skylab.html,/history/skylab/skylab-small.gif,/images/ksclogosmall.gif,/history/apollo/images/apollo-logo.gif,/history/skylab/skylab-1.html,/history/skylab/skylab-logo.gif,/history/skylab/skylab-2.html
unix.adeptcom.com$/shuttle/countdown/countdown.html,/shuttle/missions/sts-70/movies/movies.html,/htbin/cdt_main.pl,/statistics/1995/Jul/Jul95.html,/shuttle/countdown/lps/fr.html,/cgi-bin/imagemap/fr?0,/shuttle/countdown/lps/osr/osr.html
205.163.36.61$/shuttle/countdown/countdown.html,/shuttle/countdown/count70.gif,/images/NASA-logosmall.gif,/images/KSC-logosmall.gif,/cgi-bin/imagemap/countdown70?342,/shuttle/countdown/liftoff.html,/shuttle/countdown/video/livevideo2.gif
llam.interlog.com$/mdss/MDSS.html,/mdss/s_md-2.gif,/mdss/station.gif,/mdss/s_delta2.gif,/mdss/dcy2.gif,/images/ksclogosmall.gif,/icon/constr.gif
rd-p19.supernet.ab.ca$/ksc.html,/images/ksclogo-medium.gif,/images/NASA-logosmall.gif,/images/USA-logosmall.gif,/images/MOSAIC-logosmall.gif,/images/WORLD-logosmall.gif,/shuttle/missions/sts-71/movies/movies.html,/shuttle/missions/sts-71/movies/sts-71-launch-3.mpg
itws.info.eng.niigata-u.ac.jp$/ksc.html/,/images/ksclogo-medium.gif,/images/NASA-logosmall.gif,/images/MOSAIC-logosmall.gif,/images/USA-logosmall.gif,/images/WORLD-logosmall.gif,/ksc.html/facts/about_ksc.html,/images/KSC-logosmall.gif
dialup005.continet.com$/shuttle/missions/sts-68/sts-68-patch-small.gif,/shuttle/missions/sts-68/mission-sts-68.html,/images/KSC-logosmall.gif,/images/launch-logo.gif,/history/apollo/images/apollo-logo1.gif,/htbin/wais.pl?MAPS,/news/nasa.nasamail.p/571,/shuttle/technology/sts-newsref/sts_asm.html
205.160.164.19$/shuttle/countdown/countdown.html,/shuttle/countdown/count70.gif,/images/NASA-logosmall.gif,/images/KSC-logosmall.gif,/cgi-bin/imagemap/countdown70?343,/shuttle/countdown/liftoff.html,/htbin/cdt_clock.pl,/shuttle/countdown/video/livevideo2.gif
ppp8.montrealnet.ca$/shuttle/missions/missions.html,/images/launchmedium.gif,/images/KSC-logosmall.gif,/images/NASA-logosmall.gif,/shuttle/missions/sts-70/mission-sts-70.html,/shuttle/missions/sts-70/sts-70-patch-small.gif,/images/launch-logo.gif,/history/apollo/images/apollo-logo1.gif
futurcom.nai.net$/shuttle/missions/sts-70/mission-sts-70.html,/shuttle/missions/sts-70/sts-70-patch-small.gif,/images/launch-logo.gif,/history/apollo/images/apollo-logo1.gif,/images/KSC-logosmall.gif,/shuttle/technology/sts-newsref/sts_mes.html,/shuttle/missions/rollbacks.html,/images/rollback.gif
133.102.242.50$/shuttle/missions/missions.html,/images/KSC-logosmall.gif,/images/NASA-logosmall.gif,/images/launchmedium.gif,/shuttle/missions/sts-78/mission-sts-78.html,/shuttle/missions/sts-78/sts-78-patch-small.gif,/images/launch-logo.gif,/history/apollo/images/apollo-logo1.gif
ix-dc7-17.ix.netcom.com$/shuttle/countdown/,/images/NASA-logosmall.gif,/images/KSC-logosmall.gif,/shuttle/countdown/count70.gif,/cgi-bin/imagemap/countdown70?58,/shuttle/countdown/liftoff.html,/shuttle/countdown/video/livevideo2.gif,/shuttle/countdown/video/livevideo.jpeg
grail911.nando.net$/history/apollo/,/icons/blank.xbm,/icons/menu.xbm,/icons/text.xbm,/history/apollo/apollo-13/apollo-13.html,/history/apollo/apollo-13/apollo-13-patch-small.gif,/images/ksclogosmall.gif,/history/apollo/images/footprint-logo.gif
pwestec.sierra.net$/biomed/program.html,/biomed/wwwicons/purple.gif,/biomed/wwwicons/blue.gif,/biomed/wwwicons/green.gif,/biomed/wwwicons/red.gif,/biomed/wwwicons/orange.gif,/biomed/wwwicons/yellow.gif,/biomed/wwwicons/mm.gif
mccaughey-thoma.eigenmann.indiana.edu$/shuttle/technology/sts-newsref/carriers.html,/images/KSC-logosmall.gif,/images/shuttle-patch-logo.gif,/ksc.html,/images/ksclogo-medium.gif,/images/NASA-logosmall.gif,/images/MOSAIC-logosmall.gif,/images/USA-logosmall.gif
dialup34.aloha.com$/software/winvn/winvn.html,/software/winvn/winvn.gif,/images/construct.gif,/software/winvn/bluemarb.gif,/software/winvn/wvsmall.gif,/images/KSC-logosmall.gif,/images/MOSAIC-logosmall.gif,/images/USA-logosmall.gif,/images/WORLD-logosmall.gif
wtaskr1.ccinet.ab.ca$/,/images/ksclogo-medium.gif,/images/NASA-logosmall.gif,/images/MOSAIC-logosmall.gif,/images/USA-logosmall.gif,/images/WORLD-logosmall.gif,/shuttle/missions/sts-68/ksc-srl-image.html,/shuttle/missions/sts-68/images/ksc-upclose.gif,/shuttle/missions/sts-68/images/ksc.gif
ix-phx5-25.ix.netcom.com$/,/images/ksclogo-medium.gif,/images/NASA-logosmall.gif,/images/MOSAIC-logosmall.gif,/images/USA-logosmall.gif,/images/WORLD-logosmall.gif,/shuttle/missions/missions.html,/images/launchmedium.gif,/images/KSC-logosmall.gif
ix-tf5-17.ix.netcom.com$/,/images/ksclogo-medium.gif,/images/NASA-logosmall.gif,/images/MOSAIC-logosmall.gif,/images/USA-logosmall.gif,/images/WORLD-logosmall.gif,/facts/about_ksc.html,/images/launchpalms-small.gif,/images/KSC-logosmall.gif
ts2-002.jaxnet.com$/software/winvn/winvn.html,/software/winvn/winvn.gif,/images/construct.gif,/software/winvn/bluemarb.gif,/software/winvn/wvsmall.gif,/images/KSC-logosmall.gif,/images/MOSAIC-logosmall.gif,/images/USA-logosmall.gif,/images/WORLD-logosmall.gif
ip-pdx8-55.teleport.com$/ksc.html,/images/ksclogo-medium.gif,/images/NASA-logosmall.gif,/images/MOSAIC-logosmall.gif,/images/USA-logosmall.gif,/images/WORLD-logosmall.gif,/shuttle/countdown/,/images/KSC-logosmall.gif,/shuttle/countdown/count70.gif
slip116-154.nc.us.ibm.net$/,/images/ksclogo-medium.gif,/images/NASA-logosmall.gif,/images/MOSAIC-logosmall.gif,/images/USA-logosmall.gif,/images/WORLD-logosmall.gif,/shuttle/missions/sts-71/movies/movies.html,/shuttle/missions/sts-71/sts-71-patch-small.gif,/shuttle/missions/sts-71/movies/crew-arrival-t38.mpg
199.2.139.127$/shuttle/missions/sts-71/mission-sts-71.html,/shuttle/missions/sts-71/sts-71-patch-small.gif,/images/KSC-logosmall.gif,/images/launch-logo.gif,/history/apollo/images/apollo-logo1.gif,/history/history.html,/images/NASA-logosmall.gif,/history/apollo/images/apollo-small.gif,/history/apollo/images/apollo.gif
ppp-06-uf-cs1.nerdc.ufl.edu$/software/winvn/winvn.html,/software/winvn/winvn.gif,/images/construct.gif,/software/winvn/wvsmall.gif,/software/winvn/bluemarb.gif,/images/KSC-logosmall.gif,/images/MOSAIC-logosmall.gif,/images/WORLD-logosmall.gif,/images/USA-logosmall.gif
fp590.acs.ohio-state.edu$/images/shuttle-patch-small.gif,/shuttle/technology/sts-newsref/stsref-toc.html,/images/KSC-logosmall.gif,/images/launch-logo.gif,/shuttle/technology/images/launch_sites_8-small.gif,/shuttle/technology/images/mission_profile_2-small.gif,/shuttle/technology/sts-newsref/sts_overview.html,/images/shuttle-patch-logo.gif,/shuttle/technology/images/sts_spec_6-small.gif
gatekeeper.us.oracle.com$/facts/about_ksc.html,/images/NASA-logosmall.gif,/images/KSC-logosmall.gif,/images/launchpalms-small.gif,/ksc.html,/images/ksclogo-medium.gif,/images/MOSAIC-logosmall.gif,/images/USA-logosmall.gif,/images/WORLD-logosmall.gif
kingston-ts-16.nstn.ca$/ksc.html,/images/ksclogo-medium.gif,/images/NASA-logosmall.gif,/images/MOSAIC-logosmall.gif,/images/USA-logosmall.gif,/images/WORLD-logosmall.gif,/shuttle/missions/missions.html,/images/launchmedium.gif,/shuttle/missions/sts-72/mission-sts-72.html
www-d2.proxy.aol.com$/shuttle/missions/missions.html,/images/launchmedium.gif,/images/NASA-logosmall.gif,/images/KSC-logosmall.gif,/shuttle/missions/sts-69/mission-sts-69.html,/shuttle/missions/sts-69/sts-69-patch-small.gif,/images/launch-logo.gif,/history/apollo/images/apollo-logo1.gif,/shuttle/missions/sts-70/o-ring-problem.gif
134.h-pm2.vgs3.westel.com$/software/winvn/winvn.html,/software/winvn/winvn.gif,/software/winvn/bluemarb.gif,/images/construct.gif,/software/winvn/wvsmall.gif,/images/KSC-logosmall.gif,/images/MOSAIC-logosmall.gif,/images/USA-logosmall.gif,/images/WORLD-logosmall.gif
cs1-08.leh.ptd.net$/ksc.html,/images/ksclogo-medium.gif,/images/NASA-logosmall.gif,/images/MOSAIC-logosmall.gif,/images/USA-logosmall.gif,/images/WORLD-logosmall.gif,/shuttle/missions/sts-71/movies/movies.html,/shuttle/missions/sts-71/sts-71-patch-small.gif,/shuttle/missions/sts-71/movies/sts-71-launch-3.mpg
slip4086.sirius.com$/software/winvn/winvn.html,/images/construct.gif,/software/winvn/bluemarb.gif,/software/winvn/wvsmall.gif,/images/MOSAIC-logosmall.gif,/software/winvn/winvn.gif,/images/KSC-logosmall.gif,/images/USA-logosmall.gif,/images/WORLD-logosmall.gif
van10271.direct.ca$/software/winvn/winvn.html,/software/winvn/winvn.gif,/images/construct.gif,/software/winvn/bluemarb.gif,/software/winvn/wvsmall.gif,/images/KSC-logosmall.gif,/images/MOSAIC-logosmall.gif,/images/USA-logosmall.gif,/images/WORLD-logosmall.gif
dial3-15.midwest.net$/software/winvn/winvn.html,/software/winvn/winvn.gif,/images/construct.gif,/software/winvn/bluemarb.gif,/software/winvn/wvsmall.gif,/images/KSC-logosmall.gif,/images/MOSAIC-logosmall.gif,/images/USA-logosmall.gif,/images/WORLD-logosmall.gif
van15423.direct.ca$/software/winvn/winvn.html,/images/construct.gif,/software/winvn/bluemarb.gif,/software/winvn/wvsmall.gif,/images/KSC-logosmall.gif,/images/WORLD-logosmall.gif,/software/winvn/winvn.gif,/images/MOSAIC-logosmall.gif,/images/USA-logosmall.gif
linuser19.li.net$/software/winvn/winvn.html,/software/winvn/winvn.gif,/images/construct.gif,/software/winvn/wvsmall.gif,/images/KSC-logosmall.gif,/software/winvn/bluemarb.gif,/images/MOSAIC-logosmall.gif,/images/USA-logosmall.gif,/images/WORLD-logosmall.gif
bdmgate.bdm.com$/,/images/ksclogo-medium.gif,/images/WORLD-logosmall.gif,/images/NASA-logosmall.gif,/images/MOSAIC-logosmall.gif,/images/USA-logosmall.gif,/shuttle/missions/missions.html,/images/launchmedium.gif,/images/KSC-logosmall.gif
www-c6.proxy.aol.com$/shuttle/missions/sts-68/sts-68-patch-small.gif,/images/,/icons/menu.xbm,/icons/blank.xbm,/icons/image.xbm,/icons/unknown.xbm,/images/IMPACT.JPG,/images/cm-map.gif,/images/landing-small.gif
slip27.cei.net$/software/winvn/winvn.html,/software/winvn/winvn.gif,/images/construct.gif,/software/winvn/bluemarb.gif,/software/winvn/wvsmall.gif,/images/KSC-logosmall.gif,/images/MOSAIC-logosmall.gif,/images/USA-logosmall.gif,/images/WORLD-logosmall.gif
31.dn258-lab.marist.edu$/,/images/ksclogo-medium.gif,/images/MOSAIC-logosmall.gif,/images/NASA-logosmall.gif,/images/USA-logosmall.gif,/images/WORLD-logosmall.gif,/facts/about_ksc.html,/images/launchpalms-small.gif,/images/KSC-logosmall.gif
198.248.59.123$/shuttle/missions/missions.html,/images/launchmedium.gif,/images/NASA-logosmall.gif,/images/KSC-logosmall.gif,/history/gemini/gemini.html,/images/gemini-logo.gif,/images/ksclogosmall.gif,/history/apollo/images/apollo-logo.gif,/history/gemini/movies/gemini-launch.mpg
ix-sea6-23.ix.netcom.com$/software/winvn/winvn.html,/software/winvn/winvn.gif,/images/construct.gif,/software/winvn/bluemarb.gif,/software/winvn/wvsmall.gif,/images/KSC-logosmall.gif,/images/MOSAIC-logosmall.gif,/images/USA-logosmall.gif,/images/WORLD-logosmall.gif
gregver.cais.com$/software/winvn/winvn.html,/software/winvn/winvn.gif,/images/construct.gif,/software/winvn/bluemarb.gif,/software/winvn/wvsmall.gif,/images/KSC-logosmall.gif,/images/MOSAIC-logosmall.gif,/images/USA-logosmall.gif,/images/WORLD-logosmall.gif
line114.nwm.mindlink.net$/shuttle/missions/missions.html,/images/launchmedium.gif,/images/KSC-logosmall.gif,/images/NASA-logosmall.gif,/images/launch.gif,/shuttle/missions/sts-57/mission-sts-57.html,/images/launch-logo.gif,/shuttle/missions/sts-57/sts-57-patch-small.gif,/shuttle/missions/sts-57/sts-57-patch.jpg
www-b2.proxy.aol.com$/ksc.html,/images/NASA-logosmall.gif,/images/MOSAIC-logosmall.gif,/images/USA-logosmall.gif,/images/WORLD-logosmall.gif,/shuttle/countdown,/shuttle/countdown/,/images/KSC-logosmall.gif,/shuttle/missions/sts-71/sts-71-press-kit.txt,/images/shuttle-patch-small.gif
gw1.att.com$/shuttle/missions/sts-73/mission-sts-73.html,/images/launch-logo.gif,/history/apollo/images/apollo-logo1.gif,/images/KSC-logosmall.gif,/shuttle/missions/sts-73/sts-73-patch-small.gif,/shuttle/missions/sts-73/news,/shuttle/missions/sts-73/news/,/icons/menu.xbm,/icons/text.xbm,/icons/blank.xbm
physpc9.csu.murdoch.edu.au$/shuttle/missions/missions.html,/images/launchmedium.gif,/shuttle/countdown/,/images/KSC-logosmall.gif,/images/NASA-logosmall.gif,/shuttle/countdown/count70.gif,/htbin/cdt_main.pl,/shuttle/countdown/images/countclock.gif,/shuttle/countdown/countdown.html,/shuttle/missions/sts-70/mission-sts-70.html
ras15.srv.net$/shuttle/missions/sts-56/mission-sts-56.html,/shuttle/missions/sts-56/sts-56-patch-small.gif,/images/KSC-logosmall.gif,/images/launch-logo.gif,/history/apollo/images/apollo-logo1.gif,/shuttle/missions/missions.html,/images/launchmedium.gif,/images/NASA-logosmall.gif,/shuttle/missions/sts-69/mission-sts-69.html,/shuttle/missions/sts-69/sts-69-patch-small.gif
grimnet23.idirect.com$/images/construct.gif,/images/KSC-logosmall.gif,/images/MOSAIC-logosmall.gif,/images/USA-logosmall.gif,/images/WORLD-logosmall.gif,/www/software/winvn/winvn.html,/software/winvn/faq/WINVNFAQ-Contents.html,/software/winvn/faq/WINVNFAQ-I-3.html,/software/winvn/faq/WINVNFAQ-I-4.html,/software/winvn/faq/WINVNFAQ-I-5.html
www-a2.proxy.aol.com$/shuttle/missions/sts-70/mission-sts-70.html,/shuttle/missions/sts-70/sts-70-patch-small.gif,/images/KSC-logosmall.gif,/images/launch-logo.gif,/history/apollo/images/apollo-logo1.gif,/facilities/vab.html,/images/ksclogosmall.gif,/images/vab-small.gif,/images/kscmap-tiny.gif,/images/vab-medium.gif
jericho2.microsoft.com$/,/images/ksclogo-medium.gif,/images/NASA-logosmall.gif,/images/MOSAIC-logosmall.gif,/images/USA-logosmall.gif,/images/WORLD-logosmall.gif,/shuttle/missions/sts-71/images/images.html,/shuttle/missions/sts-71/images/index71.gif,/shuttle/missions/sts-71/images/KSC-95EC-0913.jpg,/shuttle/missions/sts-71/images/KSC-95EC-0912.jpg
ix-ir8-22.ix.netcom.com$/history/apollo/apollo-11/apollo-11-patch-small.gif,/facilities/lc39a.html,/images/lc39a-logo.gif,/images/kscmap-tiny.gif,/images/ksclogosmall.gif,/history/apollo/apollo.html,/history/apollo/images/footprint-small.gif,/images/KSC-logosmall.gif,/history/apollo/images/apollo-logo1.gif,/history/apollo/apollo-17/apollo-17.html
js002.cc.utsunomiya-u.ac.jp$/shuttle/missions/sts-70/mission-sts-70.html,/shuttle/missions/sts-70/sts-70-patch-small.gif,/shuttle/resources/orbiters/discovery.html,/shuttle/resources/orbiters/discovery-logo.gif,/shuttle/resources/orbiters/orbiters-logo.gif,/shuttle/resources/orbiters/discovery.gif,/shuttle/resources/orbiters/endeavour.html,/shuttle/resources/orbiters/endeavour-logo.gif,/shuttle/resources/orbiters/endeavour.gif,/images/launch.gif
205.199.120.118$/,/images/ksclogo-medium.gif,/images/NASA-logosmall.gif,/images/MOSAIC-logosmall.gif,/images/USA-logosmall.gif,/images/WORLD-logosmall.gif,/shuttle/countdown/,/images/KSC-logosmall.gif,/shuttle/countdown/count70.gif,/cgi-bin/imagemap/countdown70?59
xslip47.csrv.uidaho.edu$/software/winvn/winvn.html,/software/winvn/winvn.gif,/images/construct.gif,/software/winvn/bluemarb.gif,/software/winvn/wvsmall.gif,/images/KSC-logosmall.gif,/images/MOSAIC-logosmall.gif,/images/USA-logosmall.gif,/images/WORLD-logosmall.gif,/software/winvn/faq/WINVNFAQ-Contents.html
async59.ts-p-caps.caps.maine.edu$/software/winvn/winvn.html,/software/winvn/winvn.gif,/images/construct.gif,/software/winvn/bluemarb.gif,/software/winvn/wvsmall.gif,/images/KSC-logosmall.gif,/images/MOSAIC-logosmall.gif,/images/USA-logosmall.gif,/images/WORLD-logosmall.gif,/software/winvn/wvlarge.gif
139.230.35.135$/shuttle/missions/sts-49/mission-sts-49.html,/shuttle/countdown/,/images/KSC-logosmall.gif,/images/NASA-logosmall.gif,/shuttle/countdown/count70.gif,/htbin/cdt_main.pl,/shuttle/countdown/images/countclock.gif,/shuttle/countdown/liftoff.html,/shuttle/missions/sts-70/images/images.html,/shuttle/missions/sts-70/images/KSC-95EC-1059.gif
ix-sf10-28.ix.netcom.com$/software/winvn/winvn.html,/software/winvn/winvn.gif,/software/winvn/bluemarb.gif,/images/construct.gif,/software/winvn/wvsmall.gif,/images/KSC-logosmall.gif,/images/MOSAIC-logosmall.gif,/images/USA-logosmall.gif,/images/WORLD-logosmall.gif,/cgi-bin/newwvn-mail.pl,/software/winvn/userguide/winvnsm.gif
dd15-053.compuserve.com$/,/images/ksclogo-medium.gif,/images/NASA-logosmall.gif,/images/MOSAIC-logosmall.gif,/images/USA-logosmall.gif,/images/WORLD-logosmall.gif,/shuttle/missions/sts-69/mission-sts-69.html,/shuttle/missions/sts-69/sts-69-patch-small.gif,/images/KSC-logosmall.gif,/images/launch-logo.gif,/history/apollo/images/apollo-logo1.gif
pm6a3.sover.net$/ksc.html,/images/ksclogo-medium.gif,/images/NASA-logosmall.gif,/images/MOSAIC-logosmall.gif,/images/USA-logosmall.gif,/images/WORLD-logosmall.gif,/shuttle/missions/sts-69/mission-sts-69.html,/shuttle/missions/sts-69/sts-69-patch-small.gif,/images/KSC-logosmall.gif,/images/launch-logo.gif,/history/apollo/images/apollo-logo1.gif
wyndmoor1-7.slip.netaxs.com$/history/mercury/mercury.html,/images/mercury-logo.gif,/images/ksclogosmall.gif,/history/apollo/images/apollo-logo.gif,/history/history.html,/history/apollo/images/apollo-small.gif,/images/NASA-logosmall.gif,/images/KSC-logosmall.gif,/history/mercury/mr-3/mr-3.html,/history/mercury/mr-3/mr-3-patch-small.gif,/history/apollo/images/APOLLO-logosmall.gif
ncg-69.axionet.com$/shuttle/countdown/countdown.html,/shuttle/countdown/count70.gif,/cgi-bin/imagemap/countdown70?66,/images/NASA-logosmall.gif,/images/KSC-logosmall.gif,/cgi-bin/imagemap/countdown70?242,/shuttle/technology/sts-newsref/stsref-toc.html,/images/shuttle-patch-small.gif,/images/launch-logo.gif,/shuttle/technology/sts-newsref/sts-eps.html,/images/shuttle-patch-logo.gif
ppp3_069.bekkoame.or.jp$/shuttle/countdown/,/images/NASA-logosmall.gif,/images/KSC-logosmall.gif,/shuttle/countdown/count70.gif,/cgi-bin/imagemap/countdown70?186,/shuttle/missions/sts-70/movies/movies.html,/shuttle/missions/sts-70/sts-70-patch-small.gif,/shuttle/missions/sts-70/movies/sts-70-launch.mpg,/cgi-bin/imagemap/countdown70?72,/shuttle/missions/sts-70/images/images.html,/shuttle/missions/sts-70/images/KSC-95EC-0515.gif
line10.pm1.abb.mindlink.net$/shuttle/countdown/,/images/NASA-logosmall.gif,/images/KSC-logosmall.gif,/shuttle/countdown/count70.gif,/cgi-bin/imagemap/countdown70?289,/htbin/cdt_main.pl,/shuttle/countdown/images/countclock.gif,/cgi-bin/imagemap/countdown70?181,/shuttle/missions/sts-70/movies/movies.html,/shuttle/missions/sts-70/sts-70-patch-small.gif,/shuttle/missions/sts-70/movies/woodpecker.mpg
tia1.eskimo.com$/software/winvn/winvn.html,/software/winvn/winvn.gif,/images/construct.gif,/software/winvn/bluemarb.gif,/software/winvn/wvsmall.gif,/images/KSC-logosmall.gif,/images/MOSAIC-logosmall.gif,/images/WORLD-logosmall.gif,/images/USA-logosmall.gif,/software/winvn/wvlarge.gif,/pub/winvn/release.txt
endeavor.fujitsu.co.jp$/shuttle/missions/sts-68/ksc-srl-image.html,/facts/about_ksc.html,/images/launchpalms-small.gif,/ksc.html,/shuttle/missions/missions.html,/shuttle/missions/sts-1/mission-sts-1.html,/shuttle/missions/sts-1/sts-1-patch-small.gif,/history/history.html,/history/apollo/images/apollo-small.gif,/shuttle/missions/sts-70/mission-sts-70.html,/shuttle/missions/sts-70/sts-70-patch-small.gif
lutzp.tigernet.net$/software/winvn/winvn.html,/software/winvn/winvn.gif,/images/construct.gif,/software/winvn/bluemarb.gif,/software/winvn/wvsmall.gif,/images/KSC-logosmall.gif,/images/MOSAIC-logosmall.gif,/images/USA-logosmall.gif,/images/WORLD-logosmall.gif,/ksc.html,/images/NASA-logosmall.gif,/images/ksclogo-medium.gif
www-c3.proxy.aol.com$/cgi-bin/imagemap/countdown70?285,/htbin/cdt_main.pl,/shuttle/countdown/images/countclock.gif,/shuttle/countdown/count.html,/images/NASA-logosmall.gif,/images/USA-logosmall.gif,/images/ksclogo-medium.gif,/images/WORLD-logosmall.gif,/images/KSC-logosmall.gif,/cgi-bin/imagemap/countdown70?288,/shuttle/countdown/liftoff.html,/shuttle/countdown/video/livevideo2.gif
remote.redzone.com$/history/apollo/apollo-13/apollo-13.html,/history/apollo/apollo-13/apollo-13-patch-small.gif,/images/ksclogosmall.gif,/history/apollo/images/footprint-logo.gif,/history/apollo/apollo-13/apollo-13-info.html,/history/apollo/apollo-13/images/,/icons/blank.xbm,/icons/menu.xbm,/icons/image.xbm,/history/apollo/apollo-13/images/index.gif,/history/apollo/apollo-13/images/70HC418.GIF,/history/apollo/apollo-13/images/70HC517.GIF
199.190.95.40$/ksc.html,/images/ksclogo-medium.gif,/images/USA-logosmall.gif,/images/MOSAIC-logosmall.gif,/images/WORLD-logosmall.gif,/images/NASA-logosmall.gif,/shuttle/countdown/,/images/KSC-logosmall.gif,/shuttle/countdown/count70.gif,/shuttle/missions/sts-70/movies/movies.html,/shuttle/missions/sts-70/sts-70-patch-small.gif,/shuttle/missions/sts-70/movies/sts-70-launch.mpg
prakinf2.prakinf.tu-ilmenau.de$/images/shuttle-patch-small.gif,/shuttle/technology/sts-newsref/stsref-toc.html,/shuttle/technology/sts-newsref/sts_mes.html,/images/shuttle-patch-logo.gif,/shuttle/technology/sts-newsref/carriers.html,/shuttle/technology/sts-newsref/spacelab.html,/shuttle/technology/sts-newsref/centers.html,/shuttle/technology/sts-newsref/sts-lc39.html,/shuttle/technology/sts-newsref/sts-lcc.html,/images/launch-small.gif,/images/ksclogosmall.gif,/shuttle/technology/sts-newsref/sts-jsc.html
ix-aus4-15.ix.netcom.com$/,/images/ksclogo-medium.gif,/images/NASA-logosmall.gif,/images/MOSAIC-logosmall.gif,/images/USA-logosmall.gif,/images/WORLD-logosmall.gif,/history/history.html,/history/apollo/images/apollo-small.gif,/images/KSC-logosmall.gif,/history/apollo/apollo.html,/history/apollo/images/footprint-small.gif,/history/apollo/images/apollo-logo1.gif,/history/apollo/flight-summary.txt
centauri.tksc.nasda.go.jp$/,/images/ksclogo-medium.gif,/images/NASA-logosmall.gif,/images/MOSAIC-logosmall.gif,/images/USA-logosmall.gif,/images/WORLD-logosmall.gif,/facts/about_ksc.html,/images/launchpalms-small.gif,/images/KSC-logosmall.gif,/facilities/lc39a.html,/images/lc39a-logo.gif,/images/kscmap-tiny.gif,/images/ksclogosmall.gif
ix-cha-nc1-02.ix.netcom.com$/shuttle/countdown/liftoff.html,/images/NASA-logosmall.gif,/shuttle/countdown/video/livevideo2.gif,/htbin/cdt_clock.pl,/shuttle/missions/missions.html,/images/launchmedium.gif,/images/KSC-logosmall.gif,/shuttle/missions/sts-71/mission-sts-71.html,/shuttle/missions/sts-71/sts-71-patch-small.gif,/history/apollo/images/apollo-logo1.gif,/images/launch-logo.gif,/history/history.html,/history/apollo/images/apollo-small.gif
piweba4y.prodigy.com$/images/launchmedium.gif,/images/NASA-logosmall.gif,/images/KSC-logosmall.gif,/history/history.html,/history/apollo/images/apollo-small.gif,/history/apollo/apollo.html,/history/apollo/images/footprint-small.gif,/history/apollo/images/apollo-logo1.gif,/history/apollo/apollo-13/apollo-13.html,/history/apollo/apollo-13/apollo-13-patch-small.gif,/images/ksclogosmall.gif,/history/apollo/images/footprint-logo.gif,/shuttle/missions/sts-71/mission-sts-71.html
133.68.18.180$/persons/nasa-cm/jmd-sm.gif,/persons/nasa-cm/tnn-sm.gif,/persons/nasa-cm/hec-sm.gif,/persons/nasa-cm/mike-sm.gif,/persons/nasa-cm/jmd.html,/persons/nasa-cm/jmd.gif,/whats-new.html,/images/whatsnew.gif,/images/KSC-logosmall.gif,/images/NASA-logosmall.gif,/shuttle/missions/sts-70/images/images.html,/shuttle/missions/sts-70/images/KSC-95EC-0540.jpg,/shuttle/missions/sts-70/images/KSC-95EC-1059.jpg
168.78.14.166$/images/,/icons/blank.xbm,/icons/menu.xbm,/icons/image.xbm,/icons/unknown.xbm,/images/cdrom-1-95/,/images/whatsnew.gif,/images/cdrom-1-95/img0001.jpg,/images/ksclogo-medium.gif,/images/NASA-logosmall.gif,/images/ksclogo.gif,/images/MOSAIC-logosmall.gif,/images/cdrom-1-95/img0028.jpg
term1-24.sb.west.net$/ksc.html,/images/ksclogo-medium.gif,/images/NASA-logosmall.gif,/images/MOSAIC-logosmall.gif,/images/USA-logosmall.gif,/images/WORLD-logosmall.gif,/shuttle/countdown/,/images/KSC-logosmall.gif,/shuttle/countdown/count70.gif,/cgi-bin/imagemap/countdown70?344,/shuttle/countdown/lps/fr.html,/shuttle/countdown/lps/fr.gif,/shuttle/countdown/lps/back.gif
wwwproxy.info.au$/shuttle/resources/orbiters/challenger-logo.gif,/shuttle/resources/orbiters/orbiters-logo.gif,/ksc.html,/images/ksclogo-medium.gif,/images/shuttle-patch-small.gif,/images/USA-logosmall.gif,/images/MOSAIC-logosmall.gif,/images/WORLD-logosmall.gif,/images/NASA-logosmall.gif,/shuttle/resources/orbiters/orbiters.html,/images/landing-small.gif,/shuttle/technology/sts-newsref/stsref-toc.html,/images/shuttle-patch.jpg
ad11-061.compuserve.com$/,/images/ksclogo-medium.gif,/images/NASA-logosmall.gif,/images/MOSAIC-logosmall.gif,/images/USA-logosmall.gif,/images/WORLD-logosmall.gif,/shuttle/countdown/,/images/KSC-logosmall.gif,/shuttle/countdown/count70.gif,/cgi-bin/imagemap/countdown70?183,/shuttle/missions/sts-70/movies/movies.html,/shuttle/missions/sts-70/sts-70-patch-small.gif,/shuttle/missions/sts-70/movies/sts-70-launch.mpg
ts6-11.westwood.ts.ucla.edu$/ksc.html,/images/ksclogo-medium.gif,/images/NASA-logosmall.gif,/images/MOSAIC-logosmall.gif,/images/USA-logosmall.gif,/images/WORLD-logosmall.gif,/shuttle/countdown/,/images/KSC-logosmall.gif,/shuttle/countdown/count70.gif,/shuttle/missions/sts-70/mission-sts-70.html,/shuttle/countdown/liftoff.html,/shuttle/countdown/video/livevideo2.gif,/htbin/cdt_clock.pl,/shuttle/countdown/countdown.html
cs1-06.leh.ptd.net$/shuttle/countdown/lps/fr.html",/cgi-bin/imagemap/fr",/shuttle/countdown/liftoff.html",/sts-71/launch/",/shuttle/missions/sts-71/images/images.html",/shuttle/missions/sts-71/images/KSC-95EC-0912.jpg",/shuttle/missions/sts-71/images/KSC-95EC-0912.gif",/shuttle/missions/sts-71/images/KSC-95EC-0913.gif",/shuttle/missions/sts-71/images/KSC-95EC-0911.gif",/shuttle/missions/sts-71/images/KSC-95EC-0946.gif",/shuttle/missions/sts-71/images/KSC-95EC-0950.gif",/shuttle/missions/sts-71/images/KSC-95EC-0951.gif",/shuttle/missions/sts-71/images/KSC-95EC-0443.gif",/shuttle/missions/sts-71/images/KSC-95EC-0544.gif"
rainbow.mts.chiba-u.ac.jp$/,/images/ksclogo-medium.gif,/images/NASA-logosmall.gif,/images/MOSAIC-logosmall.gif,/images/USA-logosmall.gif,/images/WORLD-logosmall.gif,/shuttle/missions/missions.html,/images/launchmedium.gif,/images/KSC-logosmall.gif,/shuttle/missions/sts-1/mission-sts-1.html,/shuttle/missions/sts-1/sts-1-patch-small.gif,/images/launch-logo.gif,/history/apollo/images/apollo-logo1.gif,/persons/astronauts/u-to-z/YoungJW.txt
info.telenor.no$/shuttle/missions/missions.html,/images/launchmedium.gif,/images/KSC-logosmall.gif,/shuttle/missions/sts-69/mission-sts-69.html,/shuttle/missions/sts-69/sts-69-patch-small.gif,/images/launch-logo.gif,/history/apollo/images/apollo-logo1.gif,/shuttle/missions/sts-73/mission-sts-73.html,/shuttle/missions/sts-73/sts-73-patch-small.gif,/shuttle/missions/sts-74/mission-sts-74.html,/shuttle/missions/sts-74/sts-74-patch-small.gif,/history/history.html,/history/apollo/images/apollo-small.gif,/history/rocket-history.txt,/history/early-astronauts.txt
chuken02.shinshu-u.ac.jp$/,/images/ksclogo-medium.gif,/images/NASA-logosmall.gif,/images/MOSAIC-logosmall.gif,/images/USA-logosmall.gif,/images/WORLD-logosmall.gif,/images/shuttle-patch-small.gif,/shuttle/technology/sts-newsref/stsref-toc.html,/shuttle/technology/sts-newsref/sts_overview.html,/shuttle/technology/sts-newsref/sts-mps.html,/images/KSC-logosmall.gif,/images/shuttle-patch-logo.gif,/shuttle/technology/images/sts_spec_6-small.gif,/shuttle/technology/images/launch_sites_8-small.gif,/images/launch-logo.gif
kctm.kagoshima-ct.ac.jp$/ksc.html,/images/ksclogo-medium.gif,/images/NASA-logosmall.gif,/images/MOSAIC-logosmall.gif,/images/USA-logosmall.gif,/images/WORLD-logosmall.gif,/shuttle/countdown/countdown.html,/shuttle/countdown/count70.gif,/images/KSC-logosmall.gif,/cgi-bin/imagemap/countdown70?192,/shuttle/missions/sts-70/movies/movies.html,/shuttle/missions/sts-70/sts-70-patch-small.gif,/shuttle/missions/sts-70/movies/sts-70-crew-arrival.mpg,/shuttle/missions/sts-70/movies/sts-70-approach.mpg,/shuttle/missions/sts-70/movies/woodpecker.mpg
maui56.maui.net$/shuttle,/shuttle/,/icons/blank.xbm,/icons/menu.xbm,/shuttle/countdown/,/images/NASA-logosmall.gif,/images/KSC-logosmall.gif,/shuttle/countdown/count70.gif,/cgi-bin/imagemap/countdown70?75,/shuttle/missions/sts-70/images/images.html,/shuttle/missions/sts-70/images/KSC-95EC-0515.gif,/shuttle/missions/sts-70/images/KSC-95EC-1013.gif,/shuttle/missions/sts-70/images/KSC-95EC-1013.jpg,/shuttle/missions/sts-70/images/KSC-95EC-1013.txt,/shuttle/missions/sts-70/images/KSC-95EC-1014.gif
roy.u-gakugei.ac.jp$/whats-new.html,/images/whatsnew.gif,/images/KSC-logosmall.gif,/shuttle/countdown/,/shuttle/countdown/count70.gif,/shuttle/missions/sts-70/mission-sts-70.html,/shuttle/missions/sts-70/sts-70-patch-small.gif,/images/launch-logo.gif,/history/apollo/images/apollo-logo1.gif,/shuttle/resources/orbiters/discovery.html,/shuttle/resources/orbiters/orbiters-logo.gif,/shuttle/resources/orbiters/discovery-logo.gif,/images/ksclogosmall.gif,/shuttle/resources/orbiters/endeavour.html,/shuttle/resources/orbiters/endeavour-logo.gif
dd08-043.compuserve.com$/shuttle/missions/missions.html,/images/launchmedium.gif,/images/NASA-logosmall.gif,/images/KSC-logosmall.gif,/shuttle/missions/61-c/mission-61-c.html,/shuttle/missions/61-c/61-c-patch-small.gif,/images/launch-logo.gif,/history/apollo/images/apollo-logo1.gif,/shuttle/missions/51-l/mission-51-l.html,/shuttle/missions/51-l/51-l-patch-small.gif,/facilities/lc39a.html,/images/lc39a-logo.gif,/htbin/wais.pl?TISP,/ksc.html,/images/ksclogo-medium.gif
mallard2.duc.auburn.edu$/history/apollo/apollo-11/apollo-11.html,/history/apollo/apollo-10/apollo-10.html,/history/apollo/apollo-10/apollo-10-info.html,/shuttle/missions/missions.html,/shuttle/missions/sts-9/mission-sts-9.html,/shuttle/missions/sts-8/mission-sts-8.html,/shuttle/missions/sts-26/mission-sts-26.html,/shuttle/missions/51-l/mission-51-l.html,/shuttle/missions/51-l/51-l-info.html,/shuttle/missions/51-l/movies/,/shuttle/missions/51-l/sounds/,/shuttle/missions/51-l/images/,/shuttle/missions/sts-70/mission-sts-70.html,/shuttle/countdown/,/htbin/cdt_main.pl,/shuttle/countdown/liftoff.html
ad14-027.compuserve.com$/shuttle/missions/sts-67/mission-sts-67.html,/shuttle/missions/sts-67/sts-67-patch-small.gif,/images/KSC-logosmall.gif,/images/launch-logo.gif,/history/apollo/images/apollo-logo1.gif,/history/history.html,/history/apollo/images/apollo-small.gif,/images/NASA-logosmall.gif,/shuttle/missions/missions.html,/images/launchmedium.gif,/history/apollo/apollo.html,/history/apollo/images/footprint-small.gif,/history/apollo/apollo-13/apollo-13.html,/history/apollo/apollo-13/apollo-13-patch-small.gif,/images/ksclogosmall.gif,/history/apollo/images/footprint-logo.gif
thing1.cchem.berkeley.edu$/,/images/ksclogo-medium.gif,/images/MOSAIC-logosmall.gif,/images/NASA-logosmall.gif,/images/USA-logosmall.gif,/images/WORLD-logosmall.gif,/shuttle/missions/sts-70/mission-sts-70.html,/shuttle/missions/sts-70/sts-70-patch-small.gif,/history/apollo/images/apollo-logo1.gif,/images/KSC-logosmall.gif,/images/launch-logo.gif,/shuttle/countdown/,/shuttle/countdown/count70.gif,/cgi-bin/imagemap/countdown70?295,/htbin/cdt_main.pl,/shuttle/countdown/images/countclock.gif
ip55.van2.pacifier.com$/history/apollo/apollo.html,/history/apollo/images/footprint-small.gif,/images/KSC-logosmall.gif,/history/apollo/images/apollo-logo1.gif,/history/apollo/apollo-goals.txt,/history/apollo/apollo-spacecraft.txt,/history/apollo/flight-summary.txt,/history/apollo/apollo-sa.html,/history/apollo/images/little-joe.gif,/history/apollo/images/footprint-logo.gif,/history/apollo/images/apollo-logo.gif,/history/apollo/sa-1/sa-1.html,/history/apollo/images/apollo-insignia.gif,/images/ksclogosmall.gif,/history/apollo/apollo-1/apollo-1.html,/history/apollo/apollo-1/apollo-1-patch-small.gif
blv-pm11-ip17.halcyon.com$/,/images/ksclogo-medium.gif,/images/NASA-logosmall.gif,/images/USA-logosmall.gif,/images/MOSAIC-logosmall.gif,/images/WORLD-logosmall.gif,/shuttle/countdown/,/images/KSC-logosmall.gif,/shuttle/countdown/count70.gif,/cgi-bin/imagemap/countdown70?67,/shuttle/missions/sts-70/mission-sts-70.html,/shuttle/missions/sts-70/sts-70-patch-small.gif,/images/launch-logo.gif,/history/apollo/images/apollo-logo1.gif,/shuttle/technology/sts-newsref/sts-mps.html,/images/shuttle-patch-logo.gif
cherry.hip.berkeley.edu$/history/apollo/apollo-13/apollo-13.html,/history/apollo/apollo-13/apollo-13-patch-small.gif,/images/ksclogosmall.gif,/history/apollo/images/footprint-logo.gif,/history/apollo/apollo-13/apollo-13-info.html,/shuttle/missions/missions.html,/images/launchmedium.gif,/images/NASA-logosmall.gif,/images/KSC-logosmall.gif,/shuttle/missions/sts-69/mission-sts-69.html,/shuttle/missions/sts-69/sts-69-patch-small.gif,/images/launch-logo.gif,/history/apollo/images/apollo-logo1.gif,/shuttle/missions/sts-70/mission-sts-70.html,/shuttle/missions/sts-70/sts-70-patch-small.gif,/history/history.html,/history/apollo/images/apollo-small.gif
ras38.srv.net$/elv/DELTA/delta.htm,/elv/elvhead2.gif,/elv/DELTA/dedesc.htm,/elv/elvpage.htm,/elv/elvhead3.gif,/elv/endball.gif,/elv/hot.gif,/elv/PEGASUS/minpeg1.gif,/elv/SCOUT/scout.gif,/elv/DELTA/delta.gif,/elv/ATLAS_CENTAUR/atlas.gif,/elv/TITAN/titan.gif,/elv/struct.gif,/images/KSC-logosmall.gif,/images/NASA-logosmall.gif,/elv/DELTA/uncons.htm,/elv/DELTA/delseps.jpg
ix-dfw12-08.ix.netcom.com$/software/winvn/userguide/wvnguide.html,/software/winvn/userguide/wvnguide.gif,/software/winvn/userguide/winvnsm.gif,/software/winvn/winvn.html,/software/winvn/winvn.gif,/images/construct.gif,/software/winvn/bluemarb.gif,/software/winvn/wvsmall.gif,/images/KSC-logosmall.gif,/images/MOSAIC-logosmall.gif,/images/USA-logosmall.gif,/images/WORLD-logosmall.gif,/software/winvn/userguide/3_1_1_11.htm,/software/winvn/userguide/docscont.gif,/software/winvn/userguide/docsrigh.gif,/software/winvn/userguide/winvn30.gif,/software/winvn/userguide/docsleft.gif
miriworld.its.unimelb.edu.au$/history/history.html,/history/apollo/images/apollo-small.gif,/images/NASA-logosmall.gif,/images/KSC-logosmall.gif,/history/apollo/images/apollo.gif,/images/ksclogo-medium.gif,/images/MOSAIC-logosmall.gif,/images/WORLD-logosmall.gif,/images/USA-logosmall.gif,/shuttle/missions/sts-70/mission-sts-70.html,/shuttle/missions/sts-70/sts-70-patch-small.gif,/images/launch-logo.gif,/history/apollo/images/apollo-logo1.gif,/history/mercury/mercury.html,/images/mercury-logo.gif,/history/apollo/images/apollo-logo.gif,/images/ksclogosmall.gif
netcom21.netcom.com$/,/images/ksclogo-medium.gif,/images/NASA-logosmall.gif,/images/MOSAIC-logosmall.gif,/images/WORLD-logosmall.gif,/images/USA-logosmall.gif,/shuttle/missions/missions.html,/images/launchmedium.gif,/images/KSC-logosmall.gif,/facts/about_ksc.html,/images/launchpalms-small.gif,/shuttle/countdown/,/shuttle/countdown/count70.gif,/shuttle/missions/sts-70/movies/movies.html,/shuttle/missions/sts-70/sts-70-patch-small.gif,/shuttle/missions/sts-70/movies/woodpecker.mpg,/shuttle/missions/sts-70/movies/sts-70-launch-srbsep.mpg
palpk-s13.intac.com$/images/,/icons/blank.xbm,/icons/menu.xbm,/icons/image.xbm,/icons/unknown.xbm,/images/NASAseal-small.gif,/images/KSC-94EC-412-small.gif,/images/bluemarb.gif,/images/construct.gif,/images/de-logo.gif,/images/crawler-logo.gif,/images/whatsnew.gif,/images/slf-logo.gif,/images/op.gif,/images/imagemaps/,/icons/text.xbm,/images/imagemaps/stats.map,/images/hq.gif
bonnou.lab.kdd.co.jp$/shuttle/technology/images/mission_profile_2-small.gif,/shuttle/technology/images/sts_spec_6-small.gif,/images/NASA-logosmall.gif,/images/MOSAIC-logosmall.gif,/images/USA-logosmall.gif,/images/ksclogo-medium.gif,/images/WORLD-logosmall.gif,/shuttle/countdown/,/images/KSC-logosmall.gif,/shuttle/countdown/count70.gif,/cgi-bin/imagemap/countdown70?66,/shuttle/missions/sts-70/images/images.html,/shuttle/missions/sts-70/mission-sts-70.html,/shuttle/missions/sts-70/sts-70-patch-small.gif,/images/launch-logo.gif,/history/apollo/images/apollo-logo1.gif,/cgi-bin/imagemap/countdown70?400,/shuttle/technology/images/launch_sites_8-small.gif
www-c1.proxy.aol.com$/shuttle/missions/sts-71/mission-sts-71.html,/history/apollo/apollo.html,/history/apollo/apollo-spacecraft.txt,/history/apollo/apollo-sa.html,/history/apollo/images/little-joe.gif,/history/apollo/images/footprint-logo.gif,/history/apollo/images/apollo-logo.gif,/history/apollo/sa-1/sa-1.html,/history/apollo/images/apollo-insignia.gif,/history/apollo/sa-2/sa-2.html,/history/apollo/sa-3/sa-3.html,/history/apollo/sa-4/sa-4.html,/history/apollo/sa-5/sa-5.html,/history/apollo/sa-6/sa-6.html,/history/apollo/sa-7/sa-7.html,/history/apollo/sa-8/sa-8.html,/history/apollo/sa-8/sa-8-patch-small.gif,/history/apollo/sa-9/sa-9.html,/history/apollo/sa-10/sa-10.html
www-a1.proxy.aol.com$/,/images/ksclogo-medium.gif,/images/NASA-logosmall.gif,/images/MOSAIC-logosmall.gif,/images/USA-logosmall.gif,/images/WORLD-logosmall.gif,/shuttle/missions/missions.html,/images/launchmedium.gif,/images/KSC-logosmall.gif,/images/launch.gif,/facilities/lcc.html,/images/ksclogosmall.gif,/images/kscmap-tiny.gif,/images/lcc-small2.gif,/facilities/lc39a.html,/images/lc39a-logo.gif,/shuttle/missions/sts-70/movies/movies.html,/shuttle/missions/sts-70/sts-70-patch-small.gif,/shuttle/missions/sts-70/movies/woodpecker.mpg
sakura.crl.go.jp$/,/images/ksclogo-medium.gif,/images/NASA-logosmall.gif,/images/MOSAIC-logosmall.gif,/images/USA-logosmall.gif,/images/WORLD-logosmall.gif,/shuttle/missions/missions.html,/images/launchmedium.gif,/images/KSC-logosmall.gif,/shuttle/missions/sts-70/mission-sts-70.html,/shuttle/missions/sts-70/sts-70-patch-small.gif,/images/launch-logo.gif,/history/apollo/images/apollo-logo1.gif,/shuttle/missions/sts-76/mission-sts-76.html,/shuttle/missions/sts-76/sts-76-patch-small.gif,/facilities/opf.html,/images/opf-logo.gif,/images/ksclogosmall.gif,/images/kscmap-tiny.gif,/ksc.html
dialip129.gov.bc.ca$/history/apollo/apollo.html,/history/apollo/apollo-11/apollo-11.html,/history/apollo/apollo-11/apollo-11-info.html,/history/apollo/apollo-11/images/,/history/apollo/apollo-11/images/69HC680.GIF,/history/apollo/apollo-11/movies/,/history/apollo/apollo-11/sounds/,/history/apollo/apollo-11/sounds/A01106AA.WAV,/history/apollo/apollo-12/apollo-12.html,/history/apollo/apollo-12/apollo-12-info.html,/history/apollo/apollo-12/sounds/,/history/apollo/apollo-12/movies/,/history/apollo/apollo-12/images/,/history/apollo/apollo-1/apollo-1.html,/history/apollo/apollo-1/apollo-1-info.html,/history/apollo/apollo-1/movies/,/history/apollo/apollo-1/sounds/,/history/apollo/apollo-1/images/,/history/apollo/apollo-1/images/66HC1519.gif,/history/apollo/apollo-1/docs/
kenko2.hyogo-ths.hyogo.kobe.jp$/history/apollo/apollo.html,/history/apollo/images/footprint-small.gif,/images/KSC-logosmall.gif,/history/apollo/images/apollo-logo1.gif,/history/history.html,/history/apollo/images/apollo-small.gif,/images/NASA-logosmall.gif,/ksc.html,/images/ksclogo-medium.gif,/images/MOSAIC-logosmall.gif,/images/USA-logosmall.gif,/images/WORLD-logosmall.gif,/images/ksclogo.gif,/history/apollo/apollo-13/apollo-13.html,/history/apollo/apollo-13/apollo-13-patch-small.gif,/images/ksclogosmall.gif,/history/apollo/images/footprint-logo.gif,/facilities/lc39a.html,/images/kscmap-tiny.gif,/images/lc39a-logo.gif
www-b3.proxy.aol.com$/images/,/shuttle/missions/sts-68/mission-sts-68.html,/shuttle/missions/sts-68/sts-68-patch-small.gif,/images/launch-logo.gif,/images/KSC-logosmall.gif,/shuttle/countdown/,/images/NASA-logosmall.gif,/htbin/cdt_main.pl,/shuttle/countdown/images/countclock.gif,/shuttle/countdown/liftoff.html,/shuttle/countdown/video/livevideo2.gif,/shuttle/missions/missions.html,/images/launchmedium.gif,/shuttle/missions/sts-69/mission-sts-69.html,/shuttle/missions/sts-73/mission-sts-73.html,/shuttle/missions/sts-73/sts-73-patch-small.gif,/shuttle/missions/sts-74/mission-sts-74.html,/shuttle/missions/sts-74/sts-74-patch-small.gif,/shuttle/missions/sts-72/mission-sts-72.html,/shuttle/missions/sts-72/sts-72-patch-small.gif
www-d3.proxy.aol.com$/,/images/ksclogo-medium.gif,/images/NASA-logosmall.gif,/images/MOSAIC-logosmall.gif,/images/USA-logosmall.gif,/images/WORLD-logosmall.gif,/shuttle/missions/sts-71/mission-sts-71.html,/images/KSC-logosmall.gif,/history/apollo/images/apollo-logo1.gif,/shuttle/missions/sts-71/sts-71-patch-small.gif,/shuttle/countdown/,/shuttle/missions/sts-71/movies/movies.html,/shuttle/missions/sts-71/movies/sts-71-mir-dock-2.mpg,/icons/blank.xbm,/icons/image.xbm,/icons/menu.xbm,/icons/unknown.xbm,/history/history.html,/history/apollo/apollo.html,/history/apollo/images/footprint-small.gif,/history/apollo/apollo-spacecraft.txt
adam.tower.com.au$/shuttle/missions/sts-71/images/images.html,/shuttle/missions/sts-71/images/KSC-95EC-0913.jpg,/shuttle/missions/sts-71/images/KSC-95EC-0950.gif,/shuttle/missions/sts-71/mission-sts-71.html,/shuttle/missions/sts-71/sts-71-patch-small.gif,/images/KSC-logosmall.gif,/images/launch-logo.gif,/history/apollo/images/apollo-logo1.gif,/htbin/wais.pl?IMAX,/shuttle/missions/missions.html,/images/launchmedium.gif,/images/NASA-logosmall.gif,/shuttle/missions/sts-70/mission-sts-70.html,/shuttle/missions/sts-70/sts-70-patch-small.gif,/shuttle/countdown/,/shuttle/countdown/count70.gif,/shuttle/countdown/liftoff.html,/shuttle/countdown/video/livevideo2.gif,/shuttle/missions/sts-70/images/images.html,/shuttle/missions/sts-70/images/DSC-95EC-0001.jpg,/shuttle/countdown/countdown.html
dd09-012.compuserve.com$/,/images/ksclogo-medium.gif,/images/NASA-logosmall.gif,/images/MOSAIC-logosmall.gif,/images/USA-logosmall.gif,/images/WORLD-logosmall.gif,/facts/facts.html,/images/faq.gif,/images/KSC-logosmall.gif,/facts/faq07.html,/images/ksclogosmall.gif,/ksc.html,/shuttle/missions/sts-70/mission-sts-70.html,/shuttle/missions/sts-70/sts-70-patch-small.gif,/images/launch-logo.gif,/history/apollo/images/apollo-logo1.gif,/shuttle/missions/missions.html,/images/launchmedium.gif,/facts/about_ksc.html,/images/launchpalms-small.gif,/facts/launch-pass.txt
205.161.163.25$/shuttle/resources/orbiters/columbia.html,/shuttle/resources/orbiters/columbia-logo.gif,/images/ksclogosmall.gif,/shuttle/resources/orbiters/orbiters-logo.gif,/history/apollo/apollo-11/apollo-11-patch-small.gif,/history/apollo/apollo-11/apollo-11.html,/history/apollo/images/footprint-logo.gif,/facilities/lc39a.html,/images/lc39a-logo.gif,/images/kscmap-tiny.gif,/facilities/mlp.html,/images/mlp-logo.gif,/ksc.html,/images/ksclogo-medium.gif,/images/NASA-logosmall.gif,/images/MOSAIC-logosmall.gif,/images/USA-logosmall.gif,/images/WORLD-logosmall.gif,/shuttle/missions/sts-71/movies/movies.html,/shuttle/missions/sts-71/sts-71-patch-small.gif,/shuttle/missions/sts-53/movies/sts-53-launch.mpg
pme609.onramp.awinc.com$/shuttle/missions/sts-64/mission-sts-64.html,/shuttle/missions/sts-64/sts-64-patch-small.gif,/images/KSC-logosmall.gif,/images/launch-logo.gif,/history/apollo/images/apollo-logo1.gif,/shuttle/resources/orbiters/discovery.html,/shuttle/resources/orbiters/discovery-logo.gif,/images/ksclogosmall.gif,/shuttle/resources/orbiters/orbiters-logo.gif,/shuttle/resources/orbiters/challenger.html,/shuttle/resources/orbiters/challenger-logo.gif,/shuttle/missions/51-l/mission-51-l.html,/shuttle/missions/51-l/51-l-patch-small.gif,/shuttle/technology/sts-newsref/srb.html,/shuttle/technology/images/srb_16-small.gif,/shuttle/missions/missions.html,/images/launchmedium.gif,/images/NASA-logosmall.gif,/shuttle/technology/sts-newsref/sts_asm.html,/shuttle/missions/sts-70/mission-sts-70.html,/shuttle/missions/sts-70/sts-70-patch-small.gif,/shuttle/missions/sts-70/sts-70-day-07-highlights.html
stockyard58.onramp.net$/,/images/ksclogo-medium.gif,/images/NASA-logosmall.gif,/images/USA-logosmall.gif,/images/WORLD-logosmall.gif,/images/MOSAIC-logosmall.gif,/shuttle/missions/sts-67/mission-sts-67.html,/shuttle/missions/sts-67/sts-67-patch-small.gif,/history/apollo/images/apollo-logo1.gif,/images/launch-logo.gif,/images/KSC-logosmall.gif,/history/history.html,/history/apollo/images/apollo-small.gif,/shuttle/missions/missions.html,/images/launchmedium.gif,/shuttle/missions/sts-56/mission-sts-56.html,/shuttle/missions/sts-56/sts-56-patch-small.gif,/htbin/wais.pl?SAREX,/history/rocket-history.txt,/htbin/wais.pl?image,/shuttle/missions/sts-67/images/images.html,/news/sci.space.news/2334
piweba1y.prodigy.com$/,/images/ksclogo-medium.gif,/images/NASA-logosmall.gif,/history/history.html,/history/apollo/images/apollo-small.gif,/images/KSC-logosmall.gif,/history/apollo/images/apollo.gif,/history/gemini/gemini.html,/history/apollo/apollo.html,/history/apollo/images/footprint-small.gif,/history/apollo/images/apollo-logo1.gif,/history/apollo/apollo-13/apollo-13.html,/history/apollo/apollo-13/apollo-13-patch-small.gif,/history/apollo/images/footprint-logo.gif,/history/apollo/apollo-13/apollo-13-info.html,/history/apollo/apollo-13/movies/,/icons/blank.xbm,/icons/menu.xbm,/icons/movie.xbm,/shuttle/missions/sts-70/mission-sts-70.html,/shuttle/missions/sts-70/sts-70-patch-small.gif,/images/launch-logo.gif
stockyard17.onramp.net$/shuttle/missions/missions.html,/images/launchmedium.gif,/images/NASA-logosmall.gif,/images/KSC-logosmall.gif,/shuttle/missions/sts-44/mission-sts-44.html,/shuttle/missions/sts-44/sts-44-patch-small.gif,/images/launch-logo.gif,/history/apollo/images/apollo-logo1.gif,/shuttle/resources/orbiters/atlantis.html,/shuttle/resources/orbiters/atlantis-logo.gif,/images/ksclogosmall.gif,/shuttle/resources/orbiters/orbiters-logo.gif,/shuttle/resources/orbiters/endeavour.html,/shuttle/resources/orbiters/endeavour-logo.gif,/shuttle/missions/sts-49/mission-sts-49.html,/shuttle/missions/sts-49/sts-49-patch-small.gif,/facilities/lc39a.html,/images/lc39a-logo.gif,/images/kscmap-tiny.gif,/ksc.html,/images/USA-logosmall.gif,/images/WORLD-logosmall.gif,/images/MOSAIC-logosmall.gif,/images/ksclogo-medium.gif
www-b5.proxy.aol.com$/,/history/history.html,/images/KSC-logosmall.gif,/history/apollo/images/apollo-small.gif,/history/apollo/apollo.html,/history/apollo/images/footprint-small.gif,/history/apollo/images/apollo-logo1.gif,/history/apollo/apollo-13/apollo-13.html,/images/ksclogosmall.gif,/history/apollo/images/footprint-logo.gif,/history/skylab/skylab.html,/history/skylab/skylab-small.gif,/history/apollo/images/apollo-logo.gif,/history/skylab/skylab-2.html,/history/skylab/skylab-logo.gif,/history/skylab/skylab-4.html,/history/skylab/skylab-4-small.gif,/ksc.html,/whats-new.html,/images/whatsnew.gif,/shuttle/countdown/liftoff.html,/shuttle/countdown/video/livevideo2.gif,/shuttle/countdown/countdown.html,/icons/image.xbm
143.158.26.50$/,/images/ksclogo-medium.gif,/images/NASA-logosmall.gif,/images/MOSAIC-logosmall.gif,/images/USA-logosmall.gif,/images/WORLD-logosmall.gif,/shuttle/countdown/,/shuttle/countdown/count70.gif,/images/KSC-logosmall.gif,/shuttle/missions/sts-70/mission-sts-70.html,/shuttle/missions/sts-70/sts-70-patch-small.gif,/images/launch-logo.gif,/history/apollo/images/apollo-logo1.gif,/history/history.html,/history/apollo/images/apollo-small.gif,/shuttle/missions/missions.html,/images/launchmedium.gif,/shuttle/missions/61-b/mission-61-b.html,/shuttle/missions/61-b/61-b-patch-small.gif,/shuttle/missions/61-c/mission-61-c.html,/shuttle/missions/61-c/61-c-patch-small.gif,/shuttle/missions/51-c/mission-51-c.html,/shuttle/missions/51-c/51-c-patch-small.gif,/shuttle/missions/51-d/mission-51-d.html,/shuttle/missions/51-d/51-d-patch-small.gif
port26.ts1.msstate.edu$/shuttle/technology/sts-newsref/stsover.html,/images/KSC-logosmall.gif,/images/shuttle-patch-logo.gif,/shuttle/missions/sts-71/mission-sts-71.html,/images/launch-logo.gif,/history/apollo/images/apollo-logo1.gif,/shuttle/missions/sts-71/sts-71-patch-small.gif,/shuttle/resources/orbiters/atlantis.html,/shuttle/resources/orbiters/atlantis-logo.gif,/images/ksclogosmall.gif,/shuttle/resources/orbiters/orbiters-logo.gif,/shuttle/resources/orbiters/discovery.html,/shuttle/resources/orbiters/discovery-logo.gif,/shuttle/resources/orbiters/columbia.html,/shuttle/resources/orbiters/columbia-logo.gif,/shuttle/missions/sts-40/mission-sts-40.html,/shuttle/missions/sts-40/sts-40-patch-small.gif,/history/history.html,/history/apollo/images/apollo-small.gif,/images/NASA-logosmall.gif,/shuttle/missions/missions.html,/images/launchmedium.gif,/images/launch.gif,/shuttle/missions/sts-70/mission-sts-70.html,/shuttle/missions/sts-70/sts-70-patch-small.gif,/shuttle/missions/sts-70/sts-70-info.html,/shuttle/missions/sts-70/images/images.html
rpgopher.aist.go.jp$/ksc.html,/images/NASA-logosmall.gif,/images/USA-logosmall.gif,/images/ksclogo-medium.gif,/images/MOSAIC-logosmall.gif,/images/WORLD-logosmall.gif,/shuttle/countdown/,/shuttle/countdown/count70.gif,/images/KSC-logosmall.gif,/cgi-bin/imagemap/countdown70?181,/shuttle/missions/sts-70/movies/movies.html,/shuttle/missions/sts-70/sts-70-patch-small.gif,/shuttle/missions/sts-70/movies/woodpecker.mpg,/shuttle/missions/sts-70/movies/sts-70-crew-suitup.mpg,/cgi-bin/imagemap/countdown70?51,/shuttle/missions/sts-70/mission-sts-70.html,/images/launch-logo.gif,/history/apollo/images/apollo-logo1.gif,/shuttle/resources/orbiters/discovery.html,/shuttle/resources/orbiters/discovery-logo.gif,/images/ksclogosmall.gif,/shuttle/resources/orbiters/orbiters-logo.gif,/shuttle/resources/orbiters/endeavour.html,/shuttle/resources/orbiters/endeavour-logo.gif,/cgi-bin/imagemap/countdown70?54,/shuttle/missions/sts-70/images/images.html,/shuttle/missions/sts-70/images/KSC-95EC-0575.gif
pm9.j51.com$/facilities/lc39a.html,/images/lc39a-logo.gif,/images/kscmap-tiny.gif,/images/dual-pad.gif,/facilities/mlp.html,/images/mlp-logo.gif,/ksc.html,/images/ksclogo-medium.gif,/images/USA-logosmall.gif,/images/NASA-logosmall.gif,/images/MOSAIC-logosmall.gif,/images/WORLD-logosmall.gif,/history/apollo/apollo-spacecraft.txt,/history/apollo/apollo-goals.txt,/history/apollo/flight-summary.txt,/history/apollo/as-201/as-201.html,/history/apollo/as-201/as-201-patch-small.gif,/history/apollo/apollo-4/apollo-4.html,/history/apollo/apollo-4/apollo-4-patch-small.gif,/history/apollo/apollo-1/apollo-1-info.html,/history/apollo/apollo-1/images/,/icons/blank.xbm,/icons/menu.xbm,/icons/image.xbm,/history/apollo/apollo-1/images/apollo-1-crew.gif,/history/apollo/apollo-1/images/66HC1519.gif,/history/apollo/apollo-1/images/67HC33a.gif,/history/apollo/apollo-1/images/67HC33.gif
dialup-2-139.gw.umn.edu$/history/apollo/apollo.html,/history/apollo/images/footprint-small.gif,/images/KSC-logosmall.gif,/history/apollo/images/apollo-logo1.gif,/history/apollo/apollo-11/apollo-11.html,/history/apollo/apollo-11/apollo-11-patch-small.gif,/images/ksclogosmall.gif,/history/apollo/images/footprint-logo.gif,/shuttle/resources/orbiters/columbia.html,/shuttle/resources/orbiters/columbia-logo.gif,/shuttle/resources/orbiters/orbiters-logo.gif,/facilities/mlp.html,/images/mlp-logo.gif,/images/kscmap-tiny.gif,/history/apollo/apollo-11/apollo-11-info.html,/history/apollo/apollo-11/images/,/icons/blank.xbm,/icons/image.xbm,/icons/menu.xbm,/history/apollo/apollo-11/images/index.gif,/history/apollo/apollo-8/apollo-8.html,/history/apollo/apollo-8/apollo-8-patch-small.gif,/history/apollo/apollo-8/apollo-8-info.html,/history/apollo/apollo-8/images/,/history/apollo/apollo-8/images/68HC678.GIF,/history/apollo/apollo-8/images/68HC731.GIF,/history/apollo/apollo-8/images/68HC870.GIF,/history/apollo/apollo-8/images/69HC2.GIF,/history/apollo/apollo-8/images/69HC21.GIF
haraway.ucet.ufl.edu$/facilities/lc39a.html,/images/lc39a-logo.gif,/images/kscmap-tiny.gif,/images/rss.gif,/facilities/mlp.html,/images/mlp-logo.gif,/shuttle/missions/sts-70/o-ring-problem.gif,/shuttle/missions/sts-71/mission-sts-71.html,/shuttle/missions/sts-71/sts-71-patch-small.gif,/shuttle/technology/sts-newsref/sts_asm.html,/shuttle/technology/images/srb_mod_compare_6-small.gif,/shuttle/technology/images/srb_mod_compare_1-small.gif,/images/shuttle-patch-logo.gif,/shuttle/technology/images/srb_mod_compare_3-small.gif,/ksc.html,/images/ksclogo-medium.gif,/images/NASA-logosmall.gif,/images/MOSAIC-logosmall.gif,/images/USA-logosmall.gif,/images/WORLD-logosmall.gif,/shuttle/countdown/,/shuttle/countdown/count70.gif,/cgi-bin/imagemap/countdown70?199,/shuttle/countdown/lps/fr.html,/shuttle/countdown/lps/back.gif,/shuttle/countdown/lps/fr.gif,/cgi-bin/imagemap/fr?264,/shuttle/countdown/lps/bkup-intg/bkup-intg.html,/shuttle/countdown/lps/images/BKUP-INT.gif,/shuttle/missions/sts-71/movies/movies.html,/shuttle/missions/sts-71/movies/sts-71-tcdt-crew-walkout.mpg,/shuttle/missions/sts-71/movies/sts-71-rollover.mpg
h96-158.ccnet.com$/,/images/ksclogo-medium.gif,/images/NASA-logosmall.gif,/images/MOSAIC-logosmall.gif,/images/WORLD-logosmall.gif,/images/USA-logosmall.gif,/shuttle/countdown/,/images/KSC-logosmall.gif,/shuttle/countdown/count70.gif,/cgi-bin/imagemap/countdown70?113,/shuttle/missions/missions.html,/images/launchmedium.gif,/history/history.html,/history/apollo/images/apollo-small.gif,/history/mercury/mercury.html,/images/mercury-logo.gif,/history/apollo/images/apollo-logo.gif,/images/ksclogosmall.gif,/history/mercury/mercury-spacecraft.txt,/history/apollo/apollo.html,/history/apollo/images/footprint-small.gif,/history/apollo/images/apollo-logo1.gif,/history/apollo/apollo-sa.html,/history/apollo/images/little-joe.gif,/history/apollo/images/footprint-logo.gif,/history/apollo/a-001/a-001.html,/history/apollo/images/apollo-insignia.gif,/history/apollo/a-001/a-001-info.html,/history/apollo/a-001/a-001-patch-small.gif,/history/apollo/a-001/movies/,/history/apollo/a-001/images/,/history/apollo/a-004/a-004.html,/history/apollo/a-004/a-004-info.html
piweba3y.prodigy.com$/,/images/ksclogo-medium.gif,/images/NASA-logosmall.gif,/images/MOSAIC-logosmall.gif,/images/USA-logosmall.gif,/images/WORLD-logosmall.gif,/shuttle/missions/sts-71/images/images.html,/shuttle/missions/sts-71/mission-sts-71.html,/shuttle/missions/sts-71/sts-71-patch-small.gif,/images/KSC-logosmall.gif,/images/launch-logo.gif,/history/apollo/images/apollo-logo1.gif,/shuttle/missions/sts-71/images/index71.gif,/history/apollo/apollo-11/apollo-11.html,/history/apollo/apollo-11/apollo-11-patch-small.gif,/images/ksclogosmall.gif,/history/apollo/images/footprint-logo.gif,/facilities/vab.html,/images/vab-small.gif,/images/kscmap-tiny.gif,/facilities/mlp.html,/images/mlp-logo.gif,/facilities/crawler.html,/images/crawler-logo.gif,/facilities/lc39a.html,/images/lc39a-logo.gif,/images/rss.gif,/images/mlp.gif,/shuttle/resources/orbiters/columbia.html,/shuttle/resources/orbiters/columbia-logo.gif,/shuttle/countdown/lps/fr.html,/shuttle/countdown/lps/fr.gif,/shuttle/countdown/lps/back.gif,/cgi-bin/imagemap/fr?99,/shuttle/resources/orbiters/orbiters-logo.gif
133.43.96.45$/shuttle/missions/sts-69/mission-sts-69.html,/images/KSC-logosmall.gif,/shuttle/missions/sts-69/sts-69-patch-small.gif,/images/launch-logo.gif,/history/apollo/images/apollo-logo1.gif,/shuttle/resources/orbiters/endeavour.html,/images/ksclogosmall.gif,/shuttle/resources/orbiters/orbiters-logo.gif,/shuttle/resources/orbiters/endeavour-logo.gif,/shuttle/missions/sts-72/mission-sts-72.html,/shuttle/missions/sts-72/sts-72-patch-small.gif,/shuttle/resources/orbiters/endeavour.gif,/shuttle/missions/sts-49/mission-sts-49.html,/shuttle/missions/sts-49/sts-49-patch-small.gif,/shuttle/missions/sts-57/mission-sts-57.html,/shuttle/missions/sts-57/sts-57-patch-small.gif,/facilities/lc39a.html,/images/lc39a-logo.gif,/images/kscmap-tiny.gif,/history/apollo/apollo.html,/history/apollo/images/footprint-small.gif,/history/apollo/apollo-13/apollo-13.html,/history/apollo/apollo-13/apollo-13-patch-small.gif,/history/apollo/images/footprint-logo.gif,/history/apollo/apollo-13/apollo-13-patch.jpg,/history/apollo/images/footprint.gif,/ksc.html,/images/ksclogo-medium.gif,/images/MOSAIC-logosmall.gif,/images/USA-logosmall.gif,/images/NASA-logosmall.gif,/images/WORLD-logosmall.gif,/statistics/statistics.html,/icon/new01.gif,/statistics/images/getstats_big.gif,/statistics/images/statsm.gif
www-d1.proxy.aol.com$/images/shuttle-patch-small.gif,/images/launch-logo.gif,/images/KSC-logosmall.gif,/shuttle/technology/sts-newsref/srb.html,/shuttle/technology/images/srb_16-small.gif,/images/shuttle-patch-logo.gif,/shuttle/technology/sts-newsref/sts_asm.html,/shuttle/technology/images/srb_mod_compare_1-small.gif,/shuttle/technology/images/srb_mod_compare_6-small.gif,/shuttle/technology/images/srb_mod_compare_3-small.gif,/whats-new.html,/images/whatsnew.gif,/elv/elvpage.htm,/elv/elvhead3.gif,/elv/endball.gif,/elv/hot.gif,/elv/PEGASUS/minpeg1.gif,/elv/SCOUT/scout.gif,/elv/DELTA/delta.gif,/elv/ATLAS_CENTAUR/atlas.gif,/elv/TITAN/titan.gif,/elv/whnew.htm,/elv/elvhead2.gif,/elv/vidpicp.htm,/elv/TITAN/mars2s.jpg,/elv/TITAN/mars1s.jpg,/elv/TITAN/mars3s.jpg,/elv/ATLAS_CENTAUR/atc69s.jpg,/elv/DELTA/del181s.gif,/elv/ATLAS_CENTAUR/goess.jpg,/elv/ATLAS_CENTAUR/acsuns.jpg,/elv/DELTA/dsolidss.jpg,/elv/SCOUT/radcals.jpg,/elv/DELTA/euves.jpg,/elv/DELTA/rosats.jpg,/elv/SCOUT/s_216s.jpg,/elv/DELTA/dsolids.jpg,/history/history.html
ppp1016.po.iijnet.or.jp$/,/images/ksclogo-medium.gif,/images/NASA-logosmall.gif,/images/MOSAIC-logosmall.gif,/images/USA-logosmall.gif,/images/WORLD-logosmall.gif,/shuttle/missions/missions.html,/images/launchmedium.gif,/shuttle/missions/sts-36/mission-sts-36.html,/shuttle/missions/sts-36/sts-36-patch-small.gif,/history/history.html,/history/apollo/images/apollo-small.gif,/history/apollo/apollo.html,/history/apollo/images/footprint-small.gif,/history/apollo/apollo-13/apollo-13.html,/history/apollo/apollo-13/apollo-13-patch-small.gif,/images/ksclogosmall.gif,/history/apollo/images/footprint-logo.gif,/ksc.html,/images/KSC-logosmall.gif,/shuttle/missions/sts-56/mission-sts-56.html,/shuttle/missions/sts-56/sts-56-patch-small.gif,/images/launch-logo.gif,/shuttle/missions/sts-54/mission-sts-54.html,/shuttle/missions/sts-54/sts-54-patch-small.gif,/shuttle/resources/orbiters/endeavour.html,/shuttle/resources/orbiters/endeavour-logo.gif,/shuttle/resources/orbiters/orbiters-logo.gif,/shuttle/missions/sts-57/mission-sts-57.html,/shuttle/missions/sts-57/sts-57-patch-small.gif,/shuttle/missions/sts-61/mission-sts-61.html,/shuttle/missions/sts-61/sts-61-patch-small.gif,/shuttle/resources/orbiters/orbiters.html,/images/landing-small.gif,/shuttle/resources/orbiters/challenger.html,/shuttle/resources/orbiters/challenger-logo.gif,/shuttle/missions/51-l/mission-51-l.html,/shuttle/missions/51-l/51-l-patch-small.gif,/history/apollo/images/apollo-logo1.gif
in24.inetnebr.com$/shuttle/missions/sts-68/news/sts-68-mcc-05.txt,/shuttle/missions/sts-68/news/sts-68-mcc-06.txt,/shuttle/missions/sts-68/news/sts-68-mcc-07.txt,/shuttle/missions/sts-68/news/sts-68-mcc-08.txt,/shuttle/missions/sts-68/news/sts-68-mcc-09.txt,/shuttle/missions/sts-68/news/sts-68-mcc-10.txt,/shuttle/missions/sts-68/news/sts-68-mcc-11.txt,/shuttle/missions/sts-68/news/sts-68-mcc-12.txt,/shuttle/missions/sts-68/news/sts-68-mcc-13.txt,/shuttle/missions/sts-68/news/sts-68-mcc-14.txt,/shuttle/missions/sts-68/news/sts-68-mcc-15.txt,/shuttle/missions/sts-68/news/sts-68-mcc-16.txt,/shuttle/missions/sts-68/news/sts-68-mcc-17.txt,/shuttle/missions/sts-68/news/sts-68-mcc-18.txt,/shuttle/missions/sts-68/mission-sts-68.html,/shuttle/missions/sts-76/mission-sts-76.html,/shuttle/missions/sts-76/sts-76-patch-small.gif,/facilities/mlp.html,/images/ksclogosmall.gif,/images/kscmap-tiny.gif,/shuttle/technology/sts-newsref/et.html,/shuttle/technology/images/et_1-small.gif,/shuttle/missions/sts-75/mission-sts-75.html,/shuttle/missions/sts-75/sts-75-patch-small.gif,/shuttle/missions/missions.html,/images/launchmedium.gif,/images/NASA-logosmall.gif,/shuttle/missions/sts-59/mission-sts-59.html,/shuttle/missions/sts-59/sts-59-info.html,/shuttle/missions/sts-59/sts-59-patch-small.gif,/htbin/wais.pl?STS-59,/shuttle/missions/sts-59/news/,/shuttle/missions/sts-59/docs/,/shuttle/technology/sts-newsref/srb.html,/shuttle/missions/sts-59/news/sc940121.sta,/shuttle/technology/images/et-intertank_1-small.gif,/shuttle/missions/sts-59/sts-59-press-kit.txt,/shuttle/technology/sts-newsref/sts-mps.html,/shuttle/missions/sts-59/images/,/shuttle/missions/sts-59/movies/,/shuttle/missions/sts-59/sounds/
ix-min1-02.ix.netcom.com$/images/ksclogosmall.gif,/history/apollo/images/footprint-logo.gif,/history/apollo/apollo-12/apollo-12.html,/history/apollo/apollo-12/apollo-12-patch-small.gif,/history/apollo/apollo-12/apollo-12-info.html,/history/apollo/apollo-12/movies/,/icons/menu.xbm,/icons/blank.xbm,/icons/text.xbm,/icons/image.xbm,/history/apollo/apollo-12/apollo-12-patch.jpg,/history/apollo/apollo-12/videos/,/icons/movie.xbm,/history/apollo/apollo-12/videos/moonflag.mpg,/history/apollo/apollo-12/sounds/,/history/apollo/apollo-12/images/,/history/apollo/apollo-12/images/69HC1341.GIF,/history/apollo/apollo-16/apollo-16.html,/history/apollo/apollo-16/apollo-16-patch-small.gif,/history/apollo/apollo-16/apollo-16-info.html,/history/apollo/apollo-16/movies/,/history/apollo/apollo-16/videos/,/history/apollo/apollo-17/apollo-17.html,/history/apollo/apollo-17/apollo-17-patch-small.gif,/history/apollo/apollo-17/apollo-17-info.html,/history/apollo/apollo-17/movies/,/history/apollo/apollo-17/videos/,/shuttle/resources/orbiters/challenger.html,/shuttle/resources/orbiters/challenger-logo.gif,/shuttle/resources/orbiters/orbiters-logo.gif,/shuttle/missions/51-l/mission-51-l.html,/shuttle/missions/51-l/51-l-patch-small.gif,/images/KSC-logosmall.gif,/images/launch-logo.gif,/history/apollo/images/apollo-logo1.gif,/shuttle/missions/missions.html,/images/launchmedium.gif,/images/NASA-logosmall.gif,/shuttle/missions/sts-28/mission-sts-28.html,/shuttle/missions/sts-28/sts-28-patch-small.gif,/history/history.html,/history/apollo/images/apollo-small.gif,/shuttle/missions/sts-30/mission-sts-30.html,/shuttle/missions/sts-30/sts-30-patch-small.gif,/shuttle/resources/orbiters/atlantis.html,/shuttle/resources/orbiters/atlantis-logo.gif,/shuttle/missions/51-j/mission-51-j.html,/shuttle/missions/51-j/51-j-patch-small.gif
uplherc.upl.com$/,/images/ksclogo-medium.gif,/images/MOSAIC-logosmall.gif,/images/USA-logosmall.gif,/images/WORLD-logosmall.gif,/images/NASA-logosmall.gif,/shuttle/missions/sts-71/mission-sts-71.html,/shuttle/missions/sts-71/sts-71-patch-small.gif,/images/KSC-logosmall.gif,/history/apollo/images/apollo-logo1.gif,/images/launch-logo.gif,/shuttle/resources/orbiters/atlantis.html,/shuttle/resources/orbiters/atlantis-logo.gif,/shuttle/resources/orbiters/orbiters-logo.gif,/images/ksclogosmall.gif,/shuttle/resources/orbiters/challenger.html,/shuttle/resources/orbiters/challenger-logo.gif,/history/apollo/apollo-17/apollo-17.html,/history/apollo/apollo-17/apollo-17-patch-small.gif,/history/apollo/images/footprint-logo.gif,/shuttle/missions/sts-71/images/images.html,/shuttle/missions/sts-71/images/KSC-95EC-0423.gif,/shuttle/missions/sts-71/images/KSC-95EC-0589.gif,/shuttle/missions/sts-71/images/KSC-95EC-0911.gif,/shuttle/missions/sts-71/images/KSC-95EC-0908.jpg,/shuttle/missions/sts-71/images/KSC-95EC-0873.jpg,/shuttle/missions/sts-71/images/KSC-95EC-0948.jpg,/shuttle/missions/sts-68/ksc-srl-image.html,/shuttle/missions/sts-68/images/ksc-upclose.gif,/shuttle/missions/sts-68/images/ksc.gif,/shuttle/missions/sts-66/sts-66-patch-small.gif,/shuttle/missions/sts-66/mission-sts-66.html,/shuttle/missions/sts-63/sts-63-patch-small.gif,/shuttle/missions/sts-63/mission-sts-63.html,/shuttle/resources/orbiters/discovery.html,/shuttle/resources/orbiters/discovery-logo.gif,/shuttle/resources/orbiters/endeavour.html,/shuttle/resources/orbiters/endeavour-logo.gif,/shuttle/missions/sts-63/sts-63-patch.jpg,/shuttle/missions/sts-70/mission-sts-70.html,/shuttle/missions/sts-70/sts-70-patch-small.gif,/facilities/lc39a.html,/images/lc39a-logo.gif,/images/kscmap-tiny.gif,/images/rss.gif,/shuttle/missions/sts-26/mission-sts-26.html,/shuttle/missions/sts-26/sts-26-patch-small.gif,/shuttle/technology/sts-newsref/sts_asm.html,/shuttle/technology/images/srb_mod_compare_6-small.gif,/shuttle/technology/images/srb_mod_compare_1-small.gif,/shuttle/technology/images/srb_mod_compare_3-small.gif,/images/shuttle-patch-logo.gif,/images/shuttle-patch-small.gif,/shuttle/technology/sts-newsref/stsref-toc.html,/shuttle/technology/sts-newsref/sts-av.html,/shuttle/technology/sts-newsref/sts-gnnc.html,/images/launch-small.gif,/shuttle/technology/images/sts_body_2-small.gif,/shuttle/technology/sts-newsref/sts_coord.html,/shuttle/technology/images/crew_compartment_13-small.gif,/shuttle/technology/images/aft_fuselage_2-small.gif,/shuttle/technology/sts-newsref/stsover-launch.html,/shuttle/countdown/,/shuttle/countdown/count70.gif,/cgi-bin/imagemap/countdown70?61,/shuttle/missions/sts-70/images/images.html,/shuttle/missions/sts-70/images/KSC-95EC-0768.jpg,/cgi-bin/imagemap/countdown70?398,/cgi-bin/imagemap/countdown70?62,/shuttle/missions/sts-70/images/KSC-95EC-0711.gif,/shuttle/missions/41-b/41-b-patch-small.gif
